"1316469572.67","2.61377634609","0.0272268369385"
"1316469582.67","2.94281543342","0.0403125401839"
"1316469592.67","2.60332648069","0.0371903782955"
"1316469602.67","2.80396237926","0.0459665963814"
"1316469612.67","3.23197090108","0.0468401579867"
"1316469622.67","3.13382737888","0.0447689625554"
"1316469632.67","3.45072079027","0.0575120131712"
"1316469642.67","2.73989013359","0.0334132943121"
"1316469652.67","3.26973014287","0.0536021334896"
"1316469662.67","3.10759871371","0.043161093246"
"1316469672.67","2.65091970795","0.0344275286746"
"1316469682.67","3.48136944054","0.0621673114383"
"1316469692.67","2.92523304113","0.0375029877068"
"1316469702.67","2.91329267285","0.0346820556292"
"1316469712.67","3.1752322882","0.0622594566313"
"1316469722.67","3.30954552297","0.0601735549631"
"1316469732.67","2.82029656903","0.0287785364186"
"1316469742.67","3.42748395969","0.0357029579134"
"1316469752.67","2.96827025926","0.038548964406"
"1316469762.67","2.75095978146","0.030566219794"
"1316469772.67","2.86927173219","0.0531346617072"
"1316469782.67","3.28486293101","0.0656972586202"
"1316469792.67","3.25482292782","0.0328769992709"
"1316469802.67","2.77232990671","0.0334015651411"
"1316469812.67","2.80394068585","0.0329875374806"
"1316469822.67","2.91123767488","0.0323470852764"
"1316469832.67","2.77593965192","0.0440625341575"
"1316469842.67","3.29953421725","0.0515552221446"
"1316469852.67","3.16566760011","0.0329757041678"
"1316469862.67","3.31577908613","0.0341832895477"
"1316469872.67","2.71693704151","0.0493988553001"
"1316469882.67","3.07738595362","0.0338174280618"
"1316469892.67","3.37251089656","0.046198779405"
"1316469902.67","2.94087727398","0.0397415847835"
"1316469912.67","3.23258725404","0.0436836115411"
"1316469922.67","2.53981814374","0.0403145737102"
"1316469932.67","2.74548905314","0.033894926582"
"1316469942.67","3.47112463718","0.0408367604374"
"1316469952.67","3.10411739838","0.0437199633575"
"1316469962.67","2.81479343664","0.0477083633329"
"1316469972.67","2.6946416914","0.0518200325269"
"1316469982.67","3.39318623281","0.050644570639"
"1316469992.67","2.61958964537","0.0503767239495"
"1316470002.67","3.10393368404","0.0437173758316"
"1316470012.67","2.7393339074","0.0311287944022"
"1316470022.67","2.61040939963","0.0378320202845"
"1316470032.67","3.23785180228","0.0394859975888"
"1316470042.67","2.86855232037","0.0333552595391"
"1316470052.67","2.99669575609","0.0399559434146"
"1316470062.67","3.48283302869","0.06571383073"
"1316470072.67","2.9566319994","0.0579731764588"
"1316470082.67","2.98411195552","0.0403258372368"
"1316470092.67","3.47337944317","0.0526269612601"
"1316470102.67","2.61177347698","0.042125378661"
"1316470112.67","2.61527326859","0.0512798680115"
"1316470122.67","2.5216158384","0.0319191878278"
"1316470132.67","3.2286788396","0.0620899776847"
"1316470142.67","3.44339681158","0.0459119574877"
"1316470152.67","3.49196513633","0.0612625462514"
"1316470162.67","3.08717452454","0.0541609565709"
"1316470172.67","3.2922247471","0.0450989691384"
"1316470182.67","3.44726628085","0.0391734804642"
"1316470192.67","2.63529073477","0.0306429155205"
"1316470202.67","2.53157679937","0.0356560112588"
"1316470212.67","2.93954315067","0.0362906561811"
"1316470222.67","2.91795141603","0.0470637325166"
"1316470232.67","2.9225921722","0.04297929665"
"1316470242.67","3.00132995717","0.0333481106353"
"1316470252.67","3.15295110769","0.0534398492829"
"1316470262.67","2.57469451588","0.0279858099552"
"1316470272.67","3.25219854453","0.0342336688897"
"1316470282.67","2.69752383331","0.0473249795318"
"1316470292.67","3.38968318126","0.0434574766828"
"1316470302.67","3.45065756764","0.0359443496629"
"1316470312.67","3.01480808904","0.0510984421871"
"1316470322.67","3.41534454044","0.0494977469629"
"1316470332.67","3.2514428685","0.0451589287292"
"1316470342.67","2.86902850201","0.035420104963"
"1316470352.67","3.10642935848","0.0425538268285"
"1316470362.67","2.96537129799","0.0380175807435"
"1316470372.67","2.70627528624","0.0273361140024"
"1316470382.67","2.68473584271","0.0433021910114"
"1316470392.67","2.72970620982","0.0454951034969"
"1316470402.67","2.75128730239","0.0343910912799"
"1316470412.67","3.49136181978","0.0375415249439"
"1316470422.67","3.1785308865","0.0365348377758"
"1316470432.67","2.76857905095","0.0333563741079"
"1316470442.67","3.32846984646","0.0416058730807"
"1316470452.67","3.4254726466","0.036441198368"
"1316470462.67","2.85485497808","0.0439208458166"
"1316470472.67","3.47914417098","0.0552245106505"
"1316470482.67","2.73987373101","0.0375325168631"
"1316470492.67","3.40342435317","0.0442003162749"
"1316470502.67","3.10975948257","0.0393640440831"
"1316470512.67","2.9738807523","0.0300391995182"
"1316470522.67","2.69179341723","0.0292586241004"
"1316470532.67","2.77287480022","0.0513495333375"
"1316470542.67","3.04242253889","0.0353770062662"
"1316470552.67","3.14277036606","0.0408151995592"
"1316470562.67","2.52141599019","0.0427358642406"
"1316470572.67","3.39821512986","0.0629299098123"
"1316470582.67","3.3943376054","0.0538783746888"
"1316470592.67","2.96017502028","0.0308351564612"
"1316470602.67","2.63861870555","0.0306816128552"
"1316470612.67","2.84628964669","0.0296488504863"
"1316470622.67","2.71698107741","0.0295324030153"
"1316470632.67","3.08879492937","0.0411839323916"
"1316470642.67","2.82581554508","0.0294355785946"
"1316470652.67","2.59603582522","0.0328612129775"
"1316470662.67","3.31737317","0.041992065443"
"1316470672.67","3.01924670289","0.0308086398254"
"1316470682.67","2.80745416971","0.0322695881576"
"1316470692.67","3.19711498667","0.0363308521212"
"1316470702.67","3.10388621181","0.0500626808357"
"1316470712.67","3.18891862009","0.0366542370125"
"1316470722.67","3.14300753373","0.0436528824129"
"1316470732.67","2.96478411738","0.0340779783607"
"1316470742.67","3.03110392155","0.0348402749604"
"1316470752.67","3.2876380086","0.0608821853444"
"1316470762.67","3.05536856096","0.0555521556538"
"1316470772.67","2.80736396537","0.0467893994229"
"1316470782.67","3.02115008754","0.0592382370106"
"1316470792.67","3.41292846236","0.0344740248723"
"1316470802.67","3.22594770741","0.0343185926321"
"1316470812.67","2.51070432092","0.035362032689"
"1316470822.67","3.27555833379","0.0555179378608"
"1316470832.67","2.649434157","0.0407605254924"
"1316470842.67","3.11913456151","0.0385078340927"
"1316470852.67","2.62587785194","0.0265240187064"
"1316470862.67","3.11834169139","0.0338950183846"
"1316470872.67","2.89963991943","0.0315178252112"
"1316470882.67","2.50347945659","0.0263524153325"
"1316470892.67","2.91760209151","0.0572078841472"
"1316470902.67","2.94081153342","0.0350096611122"
"1316470912.67","2.90413803032","0.036301725379"
"1316470922.67","3.14676342599","0.0398324484302"
"1316470932.67","2.70367466297","0.0273098450805"
"1316470942.67","3.01272557766","0.0323948986845"
"1316470952.67","3.27599973856","0.051187495915"
"1316470962.67","2.62494391208","0.0514694884721"
"1316470972.67","3.26737056652","0.0408421320815"
"1316470982.67","3.49586724546","0.0367986025838"
"1316470992.67","2.87318514227","0.0290220721442"
"1316471002.67","2.9726589088","0.0349724577506"
"1316471012.67","2.98635958454","0.0382866613403"
"1316471022.67","2.87527424247","0.0323064521626"
"1316471032.67","2.79006325097","0.0320696925399"
"1316471042.67","2.72207306409","0.0286534006746"
"1316471052.67","3.41734735138","0.035972077383"
"1316471062.67","2.90375587047","0.0377111152009"
"1316471072.67","3.14860708674","0.0346000778763"
"1316471082.67","2.89426591884","0.0328893854413"
"1316471092.67","3.41069387055","0.0655902667413"
"1316471102.67","3.42245550374","0.0645746321461"
"1316471112.67","2.97136664943","0.0571416663351"
"1316471122.67","2.76303029833","0.0484742157602"
"1316471132.67","3.44364219902","0.0573940366504"
"1316471142.67","2.86713578161","0.0305014444852"
"1316471152.67","2.7528071658","0.0289769175348"
"1316471162.67","3.37538303703","0.0406672655064"
"1316471172.67","3.21603277987","0.0446671219426"
"1316471182.67","3.05847283532","0.0321944508981"
"1316471192.67","3.44742136096","0.0514540501636"
"1316471202.67","2.77747498512","0.02805530288"
"1316471212.67","3.02367234952","0.0373292882657"
"1316471222.67","2.87486084583","0.0373358551406"
"1316471232.67","3.39855872067","0.0343288759663"
"1316471242.67","2.58822266339","0.0345096355118"
"1316471252.67","3.08642283579","0.0505970956686"
"1316471262.67","2.73648052334","0.0456080087223"
"1316471272.67","2.97032528995","0.0330036143327"
"1316471282.67","3.49807916634","0.0416437995993"
"1316471292.67","3.2983629886","0.0492292983374"
"1316471302.67","2.51783896668","0.041963982778"
"1316471312.67","2.69043157006","0.0401556950756"
"1316471322.67","2.52174482238","0.0265446823409"
"1316471332.67","2.92670633421","0.0311351737682"
"1316471342.67","2.98344676433","0.0426206680618"
"1316471352.67","3.22979800693","0.0520935162407"
"1316471362.67","2.7200183795","0.05440036759"
"1316471372.67","2.53479588805","0.0396061857508"
"1316471382.67","2.56035024427","0.0258621236795"
"1316471392.67","3.01066755849","0.0342121313465"
"1316471402.67","3.3006726621","0.0471524666014"
"1316471412.67","3.23134220163","0.0442649616662"
"1316471422.67","3.39700360756","0.0409277543079"
"1316471432.67","2.90275909032","0.0372148601323"
"1316471442.67","2.53876918549","0.0367937563115"
"1316471452.67","3.46831158607","0.0517658445682"
"1316471462.67","2.53072377362","0.0287582247003"
"1316471472.67","3.35005146437","0.0549188764651"
"1316471482.67","3.48204564821","0.0656989744946"
"1316471492.67","2.68206273277","0.0335257841596"
"1316471502.67","2.98882150584","0.0506579916244"
"1316471512.67","2.69144825535","0.0292548723407"
"1316471522.67","3.19301911536","0.0336107275301"
"1316471532.67","3.35275994788","0.0578062059979"
"1316471542.67","3.32759660818","0.0361695283497"
"1316471552.67","3.13494985992","0.0340755419557"
"1316471562.67","3.35652996645","0.0357077656005"
"1316471572.67","2.75611601241","0.0328109049096"
"1316471582.67","2.5261364827","0.0311868701568"
"1316471592.67","2.5316359182","0.0506327183641"
"1316471602.67","2.58054145261","0.027747757555"
"1316471612.67","2.81468071572","0.0502621556378"
"1316471622.67","3.3360643258","0.0417008040726"
"1316471632.67","2.77075702488","0.0301169241834"
"1316471642.67","3.28907967402","0.0401107277319"
"1316471652.67","3.36116627923","0.0430918753747"
"1316471662.67","3.2152359242","0.0510354908602"
"1316471672.67","2.7019216354","0.0422175255531"
"1316471682.67","3.26931700681","0.0371513296228"
"1316471692.67","3.19603377113","0.048424754108"
"1316471702.67","3.1906570829","0.0371006637547"
"1316471712.67","3.25412713821","0.0369787174796"
"1316471722.67","2.55356013052","0.0464283660095"
"1316471732.67","3.48300924487","0.0657171555636"
"1316471742.67","2.83889699874","0.0346206951066"
"1316471752.67","2.80310994364","0.0308034059741"
"1316471762.67","2.90839768645","0.046909640104"
"1316471772.67","3.35890508216","0.0493956629729"
"1316471782.67","2.63637358663","0.0418471997878"
"1316471792.67","3.02217299721","0.0472214530814"
"1316471802.67","3.3703806335","0.0571250954831"
"1316471812.67","2.85419030956","0.0303637266974"
"1316471822.67","2.81772384162","0.0512313425749"
"1316471832.67","3.20772995093","0.0451792950835"
"1316471842.67","3.11096005777","0.0576103714402"
"1316471852.67","2.66914459961","0.0452397389765"
"1316471862.67","3.41693984719","0.0427117480899"
"1316471872.67","3.01962682812","0.0592083691788"
"1316471882.67","2.60738468515","0.0482849015769"
"1316471892.67","3.21315798508","0.0465675070302"
"1316471902.67","2.72456800852","0.0324353334347"
"1316471912.67","2.69149316861","0.0390071473712"
"1316471922.67","2.943651354","0.0467246246667"
"1316471932.67","2.51691107919","0.0474888882865"
"1316471942.67","2.60456643944","0.0366840343583"
"1316471952.67","2.67789959191","0.0399686506255"
"1316471962.67","3.45409862606","0.0531399788624"
"1316471972.67","3.08099511482","0.0489046843622"
"1316471982.67","2.97053894776","0.0450081658752"
"1316471992.67","2.59878213058","0.0276466184105"
"1316472002.67","2.77081993097","0.0486108759819"
"1316472012.67","3.34203807368","0.0412597293047"
"1316472022.67","2.88215937076","0.0436690813751"
"1316472032.67","2.95896582264","0.051911681099"
"1316472042.67","2.51031987253","0.0258795863148"
"1316472052.67","3.18502687954","0.0413639854485"
"1316472062.67","2.50828705532","0.038004349323"
"1316472072.67","3.19218425928","0.0550376596428"
"1316472082.67","3.27938365877","0.0331250874623"
"1316472092.67","3.18988741052","0.0403783216522"
"1316472102.67","2.90747437784","0.0484579062974"
"1316472112.67","2.67720472904","0.0291000514026"
"1316472122.67","3.2545483673","0.0342584038663"
"1316472132.67","2.93862762616","0.0445246610024"
"1316472142.67","3.09820328112","0.0377829668429"
"1316472152.67","3.4572320101","0.0628587638199"
"1316472162.67","3.12214336516","0.0487834900807"
"1316472172.67","3.46499352287","0.0360936825299"
"1316472182.67","3.48801553811","0.0536617775093"
"1316472192.67","3.14476941055","0.0345579056105"
"1316472202.67","2.57948591411","0.0274413395118"
"1316472212.67","3.45576037799","0.0367634082765"
"1316472222.67","2.78728289527","0.0472420829707"
"1316472232.67","2.67711103234","0.0270415255792"
"1316472242.67","3.21640923324","0.058480167877"
"1316472252.67","2.97180451213","0.0512380088298"
"1316472262.67","3.48624180036","0.0611621368484"
"1316472272.67","2.91416511607","0.0493926290859"
"1316472282.67","2.57073617942","0.0504065917533"
"1316472292.67","2.50806323657","0.0298578956734"
"1316472302.67","3.37774791136","0.0392761385042"
"1316472312.67","3.21705427911","0.0324954977688"
"1316472322.67","3.204109854","0.0348272810217"
"1316472332.67","3.16511288547","0.0322970702599"
"1316472342.67","3.09325728941","0.0572825423965"
"1316472352.67","3.19426715243","0.0523650352857"
"1316472362.67","2.67587387332","0.0314808690978"
"1316472372.67","3.24869781971","0.0541449636618"
"1316472382.67","3.15359615623","0.0318545066286"
"1316472392.67","2.66606063604","0.0277714649588"
"1316472402.67","3.13662919432","0.0352430246553"
"1316472412.67","2.92074769332","0.0317472575361"
"1316472422.67","2.84403234964","0.0369354850603"
"1316472432.67","3.47537951163","0.0476079385155"
"1316472442.67","2.63049719629","0.0332974328645"
"1316472452.67","3.30751237524","0.0384594462237"
"1316472462.67","2.52447391672","0.0327853755418"
"1316472472.67","3.30408336781","0.0398082333471"
"1316472482.67","3.24057856927","0.0381244537561"
"1316472492.67","3.09727013785","0.061945402757"
"1316472502.67","3.10333920296","0.0500538581123"
"1316472512.67","2.86521246205","0.0308087361511"
"1316472522.67","3.03468067969","0.0459800102984"
"1316472532.67","2.8295204082","0.0554807923177"
"1316472542.67","2.672907994","0.0290533477609"
"1316472552.67","3.44532183462","0.057422030577"
"1316472562.67","3.15286374816","0.0534383686128"
"1316472572.67","3.18383385314","0.0353759317016"
"1316472582.67","2.9447468343","0.0414753075253"
"1316472592.67","2.64742031308","0.0294157812564"
"1316472602.67","3.24308697054","0.037710313611"
"1316472612.67","3.14245597831","0.0506847738437"
"1316472622.67","2.70565868858","0.0530521311487"
"1316472632.67","3.21693246621","0.0374061914676"
"1316472642.67","3.17721587692","0.0557406294197"
"1316472652.67","3.25761033295","0.0465372904707"
"1316472662.67","2.95738952107","0.035631199049"
"1316472672.67","2.63842599133","0.0266507675891"
"1316472682.67","3.32519014903","0.0563591550684"
"1316472692.67","2.71231605621","0.0343331146356"
"1316472702.67","2.6037321158","0.0279971195247"
"1316472712.67","3.21609440042","0.0472955058885"
"1316472722.67","3.17166938502","0.0391564121607"
"1316472732.67","2.7605826735","0.0501924122454"
"1316472742.67","3.0460843515","0.0461527932046"
"1316472752.67","3.23111612217","0.0489563048813"
"1316472762.67","3.30438861618","0.0569722175204"
"1316472772.67","2.50916195631","0.0264122311191"
"1316472782.67","3.02217733355","0.0549486787919"
"1316472792.67","3.126712103","0.0434265569861"
"1316472802.67","3.13994144932","0.0345048510914"
"1316472812.67","3.4100195956","0.0487145656514"
"1316472822.67","2.74741289808","0.0327072964058"
"1316472832.67","2.78837455365","0.0404112254152"
"1316472842.67","2.68387555617","0.0276688201667"
"1316472852.67","3.33082635309","0.0350613300325"
"1316472862.67","2.55703821114","0.0311833928188"
"1316472872.67","2.55646241925","0.0263552826727"
"1316472882.67","2.88671402403","0.0515484647149"
"1316472892.67","2.6942755366","0.0481120631536"
"1316472902.67","2.78243090219","0.0366109329235"
"1316472912.67","3.3264482941","0.0519757545954"
"1316472922.67","3.31765137405","0.0364577074071"
"1316472932.67","3.45419265227","0.0375455723073"
"1316472942.67","3.34036875774","0.0439522204966"
"1316472952.67","3.09302765304","0.0381855265808"
"1316472962.67","3.11991636733","0.0371418615158"
"1316472972.67","2.53887136025","0.0275964278288"
"1316472982.67","3.47413780901","0.0413587834406"
"1316472992.67","2.81595723004","0.0356450282283"
"1316473002.67","2.88434827289","0.0365107376316"
"1316473012.67","3.27563268751","0.0356047031251"
"1316473022.67","3.06746588593","0.0329835041498"
"1316473032.67","3.3745238201","0.0392386490709"
"1316473042.67","3.10257910326","0.0484777984884"
"1316473052.67","2.57601499005","0.0486040564161"
"1316473062.67","3.49758562722","0.0431800694718"
"1316473072.67","2.54194578959","0.0423657631599"
"1316473082.67","2.66186888738","0.0492938682849"
"1316473092.67","3.27813219537","0.0482078264025"
"1316473102.67","3.36214903247","0.0350223857549"
"1316473112.67","3.26098035777","0.0346912804019"
"1316473122.67","3.21422767671","0.0412080471372"
"1316473132.67","3.26040654931","0.0343200689402"
"1316473142.67","2.80028714439","0.052835606498"
"1316473152.67","2.6405240458","0.0352069872774"
"1316473162.67","2.8894254156","0.03210472684"
"1316473172.67","2.60513956695","0.0292712310893"
"1316473182.67","3.220459902","0.0388007217108"
"1316473192.67","3.29180994844","0.0433132887952"
"1316473202.67","2.87052689435","0.0470578179402"
"1316473212.67","2.87030345443","0.032991993729"
"1316473222.67","2.80216230905","0.0424570046826"
"1316473232.67","2.59539908494","0.0381676336021"
"1316473242.67","2.72223039732","0.0286550568139"
"1316473252.67","2.63919963239","0.0317975859325"
"1316473262.67","3.28298298014","0.0338451853623"
"1316473272.67","3.21414238621","0.0406853466609"
"1316473282.67","2.55429012977","0.0392967712272"
"1316473292.67","3.09423949835","0.0524447372602"
"1316473302.67","3.250237239","0.0485110035671"
"1316473312.67","2.74679849903","0.0326999821313"
"1316473322.67","2.54917244515","0.0499837734344"
"1316473332.67","2.91002783774","0.0388003711699"
"1316473342.67","3.15365187584","0.0457050996498"
"1316473352.67","3.49692720203","0.0384277714509"
"1316473362.67","3.49718212155","0.0485719739105"
"1316473372.67","2.61217258456","0.0318557632264"
"1316473382.67","3.34958403007","0.0435010912996"
"1316473392.67","3.49387824442","0.0513805624179"
"1316473402.67","3.03811144647","0.0319801204892"
"1316473412.67","3.3760925132","0.055345778905"
"1316473422.67","2.86180712546","0.0357725890682"
"1316473432.67","3.41827384907","0.041184022278"
"1316473442.67","2.78837588825","0.0392728998346"
"1316473452.67","2.63854143978","0.043975690663"
"1316473462.67","3.20124240196","0.0381100285947"
"1316473472.67","3.10989772133","0.0575906985432"
"1316473482.67","3.41933070295","0.036375858542"
"1316473492.67","2.53538542102","0.0309193344027"
"1316473502.67","3.4069296381","0.0479849244802"
"1316473512.67","2.95040900035","0.0567386346221"
"1316473522.67","3.23987943828","0.0531127776768"
"1316473532.67","2.75274948793","0.0367033265058"
"1316473542.67","3.35617086119","0.0377097849572"
"1316473552.67","3.43133458445","0.0377069734555"
"1316473562.67","2.86191881637","0.0332781257717"
"1316473572.67","2.94922817286","0.0393230423048"
"1316473582.67","3.03086925206","0.0496863811814"
"1316473592.67","2.95991291536","0.0365421347576"
"1316473602.67","2.55800978017","0.0365429968596"
"1316473612.67","3.32147535084","0.0495742589678"
"1316473622.67","3.05797167543","0.0430700235977"
"1316473632.67","3.46391694892","0.0407519641049"
"1316473642.67","2.61000727154","0.0450001253713"
"1316473652.67","2.6166161288","0.035844056559"
"1316473662.67","3.38501750785","0.0356317632405"
"1316473672.67","3.41514781646","0.0517446638858"
"1316473682.67","2.67704226372","0.050510231391"
"1316473692.67","2.6583137523","0.0332289219037"
"1316473702.67","2.85358456025","0.0331812158169"
"1316473712.67","2.66208133343","0.0292536410267"
"1316473722.67","3.30850709149","0.0375966714942"
"1316473732.67","3.45266888184","0.0460355850912"
"1316473742.67","2.87766956034","0.033854936004"
"1316473752.67","2.99806509808","0.0315585799798"
"1316473762.67","2.57512067154","0.0265476357891"
"1316473772.67","3.15637664468","0.0464173035982"
"1316473782.67","2.61355346002","0.0272245152086"
"1316473792.67","3.26508343807","0.0343692993481"
"1316473802.67","3.05738173911","0.0311977728481"
"1316473812.67","2.82963155082","0.0416122286885"
"1316473822.67","2.99985832518","0.0319133864381"
"1316473832.67","3.2821731389","0.0341893035302"
"1316473842.67","3.22213116279","0.0453821290534"
"1316473852.67","2.55905916652","0.0370878140076"
"1316473862.67","2.94781621419","0.0316969485397"
"1316473872.67","3.09552635554","0.0562822973735"
"1316473882.67","2.78583656084","0.0456694518171"
"1316473892.67","3.11854439932","0.0366887576391"
"1316473902.67","3.49768221922","0.0380182849915"
"1316473912.67","3.43197521129","0.0527996186353"
"1316473922.67","3.33272556345","0.0595129564901"
"1316473932.67","3.42940012002","0.0372760882611"
"1316473942.67","2.9982884381","0.049152269477"
"1316473952.67","2.84906827064","0.0569813654128"
"1316473962.67","2.77892120294","0.0421048667112"
"1316473972.67","3.29216042217","0.0365795602463"
"1316473982.67","3.24543155105","0.0368799039892"
"1316473992.67","3.25530033096","0.0422766276749"
"1316474002.67","3.38813882858","0.0403349860545"
"1316474012.67","2.68865675182","0.0488846682148"
"1316474022.67","3.34070317761","0.0412432491063"
"1316474032.67","2.92549767394","0.0361172552339"
"1316474042.67","3.19850530614","0.0484622016081"
"1316474052.67","3.47577474185","0.043997148631"
"1316474062.67","3.29957572148","0.0611032541016"
"1316474072.67","2.50425963975","0.0397501530119"
"1316474082.67","3.30242087005","0.0412802608757"
"1316474092.67","2.5814457825","0.0300168114244"
"1316474102.67","2.76126459241","0.0511345294891"
"1316474112.67","3.28600589851","0.0415950113736"
"1316474122.67","2.88085053874","0.0379059281414"
"1316474132.67","3.21150352579","0.0428200470105"
"1316474142.67","2.82247181539","0.0352808976924"
"1316474152.67","2.63880315552","0.0488667251023"
"1316474162.67","3.05235039694","0.0610470079387"
"1316474172.67","3.02285570154","0.0359863773993"
"1316474182.67","2.96134901228","0.0405664248258"
"1316474192.67","3.02348608417","0.0444630306495"
"1316474202.67","3.34026864005","0.0422818815197"
"1316474212.67","2.51356087449","0.0322251394165"
"1316474222.67","3.44684525891","0.0574474209818"
"1316474232.67","2.54876341748","0.0447151476752"
"1316474242.67","3.47600637055","0.0451429398773"
"1316474252.67","2.63120164666","0.0305953679844"
"1316474262.67","2.89681676387","0.0349014067936"
"1316474272.67","2.738223634","0.0279410574898"
"1316474282.67","2.78649403142","0.050663527844"
"1316474292.67","3.37716718948","0.0438593141491"
"1316474302.67","2.79689124769","0.029440960502"
"1316474312.67","3.23487494089","0.0399367276653"
"1316474322.67","2.88574823981","0.0480958039969"
"1316474332.67","3.13823279362","0.0482805045172"
"1316474342.67","2.93503943438","0.0345298756986"
"1316474352.67","3.48696379335","0.0435870474169"
"1316474362.67","3.28926643055","0.0587369005455"
"1316474372.67","3.00711755279","0.0462633469659"
"1316474382.67","3.03089803734","0.0594293732811"
"1316474392.67","3.45296587791","0.0401507660222"
"1316474402.67","2.63389462481","0.050651819708"
"1316474412.67","3.30421226589","0.0623436276583"
"1316474422.67","2.77613242797","0.0289180461247"
"1316474432.67","2.9453414635","0.0316703383172"
"1316474442.67","3.09505951261","0.0499203147195"
"1316474452.67","3.17359002373","0.045337000339"
"1316474462.67","3.3869008334","0.0505507587074"
"1316474472.67","3.25809593385","0.0472187816501"
"1316474482.67","2.8732626994","0.0513082624893"
"1316474492.67","2.98689639183","0.0533374355684"
"1316474502.67","2.74304926587","0.0548609853175"
"1316474512.67","3.26045664199","0.0388149600237"
"1316474522.67","2.77491293441","0.037498823438"
"1316474532.67","3.00261968799","0.0345128699769"
"1316474542.67","3.20987427561","0.0465199170378"
"1316474552.67","3.28207602943","0.0372963185163"
"1316474562.67","2.50098626915","0.0312623283644"
"1316474572.67","3.13818660514","0.0592110680214"
"1316474582.67","2.81822878798","0.0512405234177"
"1316474592.67","2.67189271263","0.0376322917272"
"1316474602.67","2.97569701893","0.0381499617812"
"1316474612.67","2.69544631577","0.0441876445208"
"1316474622.67","3.21715828678","0.0480172878624"
"1316474632.67","3.14269909753","0.0476166529929"
"1316474642.67","2.87837438024","0.0378733471084"
"1316474652.67","2.65355202139","0.0408238772521"
"1316474662.67","2.59409377571","0.0345879170095"
"1316474672.67","2.86304087729","0.0357880109661"
"1316474682.67","2.6488650893","0.0473011623089"
"1316474692.67","3.05632655615","0.0509387759358"
"1316474702.67","3.21616392535","0.0369674014408"
"1316474712.67","2.61307118099","0.0435511863499"
"1316474722.67","2.83480615972","0.038832961092"
"1316474732.67","3.46763513315","0.0350266175066"
"1316474742.67","2.7846966525","0.0312887264325"
"1316474752.67","3.35496066679","0.0568637401151"
"1316474762.67","2.81379597948","0.0541114611438"
"1316474772.67","3.40023023253","0.0425028779066"
"1316474782.67","2.6422961193","0.0433163298247"
"1316474792.67","2.65736778327","0.0369078858787"
"1316474802.67","2.93446355195","0.0357861408774"
"1316474812.67","3.08198441308","0.0540699019839"
"1316474822.67","3.22948884532","0.0520885297632"
"1316474832.67","3.31298450451","0.0435919013751"
"1316474842.67","2.84845441917","0.0369929145347"
"1316474852.67","3.19944357488","0.0380886139866"
"1316474862.67","2.53740949671","0.0338321266228"
"1316474872.67","3.45402982643","0.0348891901659"
"1316474882.67","2.87419795981","0.0302547153664"
"1316474892.67","2.8070940759","0.0384533435055"
"1316474902.67","2.50020106355","0.0409869026811"
"1316474912.67","3.1935595859","0.0443549942487"
"1316474922.67","3.26030862684","0.0534476824073"
"1316474932.67","2.95997143915","0.0379483517839"
"1316474942.67","2.68880354947","0.0312651575519"
"1316474952.67","3.04280434345","0.0596628302638"
"1316474962.67","2.80322118543","0.0354838124738"
"1316474972.67","2.94903757326","0.0409588551842"
"1316474982.67","2.92749139574","0.0585498279149"
"1316474992.67","3.18947673064","0.0569549416186"
"1316475002.67","2.94704855248","0.0446522507952"
"1316475012.67","2.93747096071","0.0345584818907"
"1316475022.67","3.27263452349","0.0399101771158"
"1316475032.67","3.20754858214","0.0406018807865"
"1316475042.67","3.16062427926","0.0363290147042"
"1316475052.67","2.85996340146","0.0529622852122"
"1316475062.67","3.41484518964","0.0525360798406"
"1316475072.67","2.69619263605","0.029628490506"
"1316475082.67","2.84389865772","0.0359987171863"
"1316475092.67","3.03258850198","0.0505431416997"
"1316475102.67","2.76103139975","0.0321050162762"
"1316475112.67","2.75385704933","0.0458976174889"
"1316475122.67","2.8042057229","0.0346198237395"
"1316475132.67","2.55859714094","0.0272191185206"
"1316475142.67","3.16719912228","0.0536813410556"
"1316475152.67","3.01248506711","0.0547724557657"
"1316475162.67","3.41270289383","0.039226470044"
"1316475172.67","3.11518129261","0.0331402265171"
"1316475182.67","2.50898736298","0.0385998055843"
"1316475192.67","2.59247327589","0.0381246069984"
"1316475202.67","2.89843495717","0.0308344144379"
"1316475212.67","2.9973911217","0.0344527715138"
"1316475222.67","3.48768680524","0.0425327659176"
"1316475232.67","2.65310584576","0.0327543931575"
"1316475242.67","3.24765747698","0.0416366343203"
"1316475252.67","2.90285909806","0.049201001662"
"1316475262.67","3.17460087111","0.0473821025538"
"1316475272.67","2.56762710685","0.0264703825449"
"1316475282.67","2.60496220483","0.0321600272202"
"1316475292.67","2.68193772234","0.0315522084981"
"1316475302.67","3.42126193486","0.0438623324982"
"1316475312.67","3.1108246031","0.0576078630203"
"1316475322.67","3.15692879045","0.0478322544007"
"1316475332.67","3.05281551848","0.05451456283"
"1316475342.67","3.09549162975","0.0429929393021"
"1316475352.67","2.98286892899","0.0317326481808"
"1316475362.67","2.53752162145","0.0384472972947"
"1316475372.67","2.59974927406","0.0419314399042"
"1316475382.67","2.66841683639","0.0290045308303"
"1316475392.67","2.57679306021","0.0296183110369"
"1316475402.67","2.72546061619","0.0446796822326"
"1316475412.67","2.7406949962","0.0338357406938"
"1316475422.67","2.54550268225","0.0314259590401"
"1316475432.67","3.13345062426","0.0513680430207"
"1316475442.67","2.68256837402","0.0276553440621"
"1316475452.67","2.89598311731","0.0499307434019"
"1316475462.67","2.76731585248","0.0364120506905"
"1316475472.67","3.27771105779","0.034502221661"
"1316475482.67","3.42578193762","0.0428222742202"
"1316475492.67","3.49966349599","0.0593163304406"
"1316475502.67","3.39370210812","0.0640321152475"
"1316475512.67","3.09430567182","0.0312556128467"
"1316475522.67","2.96770148667","0.0593540297334"
"1316475532.67","3.37216217674","0.0401447878184"
"1316475542.67","2.79789864646","0.0337096222465"
"1316475552.67","2.58502115405","0.0461610920365"
"1316475562.67","3.43188620556","0.043998541097"
"1316475572.67","3.11237129947","0.0409522539404"
"1316475582.67","2.70961599004","0.0297759998906"
"1316475592.67","2.91386472413","0.0455291363145"
"1316475602.67","2.55267510533","0.030755121751"
"1316475612.67","3.22655817535","0.0398340515475"
"1316475622.67","3.3234964384","0.0455273484712"
"1316475632.67","2.90937152532","0.0309507609077"
"1316475642.67","2.84106398859","0.0378808531811"
"1316475652.67","2.73286329707","0.0321513329067"
"1316475662.67","3.12892171295","0.0376978519632"
"1316475672.67","2.97813501146","0.0437961031097"
"1316475682.67","2.6279433949","0.0495838376396"
"1316475692.67","3.17379602923","0.0412181302498"
"1316475702.67","2.83611887929","0.0556101741037"
"1316475712.67","3.39426104466","0.0491921890531"
"1316475722.67","3.42800185436","0.0496811862951"
"1316475732.67","3.28223198469","0.045586555343"
"1316475742.67","3.38380409941","0.0402833821359"
"1316475752.67","2.80124080775","0.0354587444018"
"1316475762.67","2.71531913348","0.0543063826695"
"1316475772.67","2.67105422654","0.0423976861356"
"1316475782.67","2.70789999984","0.0376097222199"
"1316475792.67","3.42170084719","0.0397872191534"
"1316475802.67","2.91121577531","0.0415887967901"
"1316475812.67","3.4675498586","0.0376907593326"
"1316475822.67","2.70151665228","0.0314129843289"
"1316475832.67","3.37054609108","0.0340459201119"
"1316475842.67","2.90923811525","0.0309493416516"
"1316475852.67","3.20266464277","0.0330171612656"
"1316475862.67","2.96679415919","0.0470919707808"
"1316475872.67","3.28847542596","0.0557368716265"
"1316475882.67","2.62936421053","0.0478066220096"
"1316475892.67","2.61107004014","0.038971194629"
"1316475902.67","3.31662001277","0.0385653489857"
"1316475912.67","2.78976714461","0.0442820181684"
"1316475922.67","2.66525481249","0.0429879808466"
"1316475932.67","3.09237016881","0.0322121892584"
"1316475942.67","3.20357747285","0.0533929578809"
"1316475952.67","2.746077938","0.0473461713448"
"1316475962.67","2.6868190167","0.0407093790409"
"1316475972.67","2.66048585972","0.0450929806732"
"1316475982.67","3.17471372529","0.0520444872998"
"1316475992.67","3.27732532138","0.0585236664532"
"1316476002.67","2.53830954168","0.031728869271"
"1316476012.67","3.30912269291","0.0435410880647"
"1316476022.67","3.10894502514","0.0388618128143"
"1316476032.67","2.62003394771","0.0275793047127"
"1316476042.67","3.22380036111","0.0474088288399"
"1316476052.67","3.44153633192","0.0637321542948"
"1316476062.67","2.7924895402","0.0393308385944"
"1316476072.67","2.72817827351","0.0440028753792"
"1316476082.67","3.16928289367","0.0401175049832"
"1316476092.67","2.78315891421","0.0296080735554"
"1316476102.67","2.9773069017","0.0303806826704"
"1316476112.67","3.49482895787","0.0685260579975"
"1316476122.67","3.35741578404","0.0368946789455"
"1316476132.67","3.05107711527","0.0331638816877"
"1316476142.67","2.60990766965","0.0457878538534"
"1316476152.67","3.14441657589","0.0449202367985"
"1316476162.67","2.87546510256","0.0309189795974"
"1316476172.67","3.21486604293","0.0618243469795"
"1316476182.67","3.15475520843","0.0321913796778"
"1316476192.67","2.66363314477","0.0332954143096"
"1316476202.67","2.78269840562","0.0309188711736"
"1316476212.67","2.59413470847","0.0447264604909"
"1316476222.67","2.76540583686","0.0453345219157"
"1316476232.67","3.18097129596","0.0454424470851"
"1316476242.67","2.96092438402","0.0477568449035"
"1316476252.67","3.1277513717","0.0504476027694"
"1316476262.67","2.86286354758","0.0371800460724"
"1316476272.67","3.48532616198","0.0528079721512"
"1316476282.67","2.99627108832","0.0302653645285"
"1316476292.67","2.73947296561","0.0537151561883"
"1316476302.67","3.24327349681","0.058968609033"
"1316476312.67","3.31064547587","0.0413830684484"
"1316476322.67","3.37031402878","0.0354769897766"
"1316476332.67","2.85433744516","0.0356792180646"
"1316476342.67","2.58214394462","0.0348938370895"
"1316476352.67","3.18656403054","0.0346365655493"
"1316476362.67","3.15164482322","0.0425897949084"
"1316476372.67","2.6704886242","0.0430723971645"
"1316476382.67","2.96630913841","0.0366211004743"
"1316476392.67","3.13230781976","0.0559340682101"
"1316476402.67","2.76556631641","0.0389516382593"
"1316476412.67","3.27095644304","0.0536222367711"
"1316476422.67","3.13704273127","0.0461329813422"
"1316476432.67","2.6681064342","0.0452221429526"
"1316476442.67","3.04127430017","0.0422399208358"
"1316476452.67","3.30231905033","0.034044526292"
"1316476462.67","2.8911803924","0.0370664152872"
"1316476472.67","2.64825767228","0.0275860174196"
"1316476482.67","2.89533949402","0.0507954297197"
"1316476492.67","3.42375012593","0.0561270512448"
"1316476502.67","3.4026257511","0.0500386139868"
"1316476512.67","3.15203198306","0.0321635916639"
"1316476522.67","3.48682731479","0.0477647577368"
"1316476532.67","3.29914859768","0.0422967768933"
"1316476542.67","3.134030763","0.0531191654745"
"1316476552.67","2.70039950569","0.0519307597247"
"1316476562.67","3.4415338358","0.0409706409024"
"1316476572.67","2.93268187176","0.0357644130703"
"1316476582.67","3.46071568124","0.0487424743836"
"1316476592.67","3.43738671968","0.0395101921802"
"1316476602.67","2.9386620085","0.040255643952"
"1316476612.67","3.20708861129","0.0562647124788"
"1316476622.67","3.096723698","0.0373099240723"
"1316476632.67","2.93044653958","0.0325605171064"
"1316476642.67","2.99611192318","0.0305725706447"
"1316476652.67","2.80101623524","0.0304458286439"
"1316476662.67","3.1431509029","0.0476234985289"
"1316476672.67","2.9590261701","0.0384289113001"
"1316476682.67","2.53637692483","0.0325176528825"
"1316476692.67","2.70869546178","0.0300966162421"
"1316476702.67","3.26361021936","0.0366697777456"
"1316476712.67","2.68830051884","0.0420046956069"
"1316476722.67","3.00926809941","0.0412228506768"
"1316476732.67","3.10254591945","0.0508614085155"
"1316476742.67","2.59764900619","0.0305605765435"
"1316476752.67","3.39326690833","0.0665346452614"
"1316476762.67","2.50935934891","0.029521874693"
"1316476772.67","2.57951471728","0.032243933966"
"1316476782.67","2.52093819757","0.0327394571112"
"1316476792.67","2.54121346899","0.0256688229191"
"1316476802.67","3.17053665235","0.0503259786088"
"1316476812.67","2.96009278636","0.045539889021"
"1316476822.67","3.35329924781","0.035297886819"
"1316476832.67","3.00181115942","0.0588590423417"
"1316476842.67","2.9747017524","0.0306670283752"
"1316476852.67","2.79323891879","0.0399034131256"
"1316476862.67","3.00572292613","0.0319757758099"
"1316476872.67","3.17993049511","0.0588876017614"
"1316476882.67","3.15043137181","0.0583413217001"
"1316476892.67","2.67437980758","0.0469189439926"
"1316476902.67","3.13066736259","0.041192991613"
"1316476912.67","2.53127000221","0.0351565278084"
"1316476922.67","3.10822963921","0.0444032805601"
"1316476932.67","3.04879798064","0.0367325057909"
"1316476942.67","3.38590514772","0.0457554749692"
"1316476952.67","2.64126042648","0.0318224147769"
"1316476962.67","3.42925046956","0.0445357203839"
"1316476972.67","2.50027419009","0.0263186756852"
"1316476982.67","3.13804037978","0.0418405383971"
"1316476992.67","2.79691635652","0.047405361975"
"1316477002.67","2.58974342348","0.0349965327498"
"1316477012.67","2.55314752696","0.0392791927224"
"1316477022.67","2.80060424142","0.0311178249047"
"1316477032.67","3.03485300845","0.0523250518698"
"1316477042.67","2.52339959305","0.0420566598842"
"1316477052.67","3.37357933767","0.041141211435"
"1316477062.67","2.85019695891","0.0360784425179"
"1316477072.67","3.45438601639","0.0397055863953"
"1316477082.67","3.12159627816","0.0400204651046"
"1316477092.67","3.39431559604","0.0506614268065"
"1316477102.67","3.49278356731","0.0431207847816"
"1316477112.67","3.49206360099","0.0371496127765"
"1316477122.67","3.14137984934","0.0361078143602"
"1316477132.67","3.06585040035","0.0398162389655"
"1316477142.67","2.63472542801","0.0376389346858"
"1316477152.67","2.60691116068","0.0389091218012"
"1316477162.67","3.0350268413","0.0489520458275"
"1316477172.67","2.90094166951","0.0299066151496"
"1316477182.67","3.02271057298","0.0408474401754"
"1316477192.67","3.29762535623","0.0484944905328"
"1316477202.67","3.28461166049","0.0395736344637"
"1316477212.67","2.58116353215","0.0423141562647"
"1316477222.67","2.98672807746","0.0321153556716"
"1316477232.67","3.25082349925","0.0550987033771"
"1316477242.67","3.31916320758","0.0425533744561"
"1316477252.67","2.6182466406","0.0344506136921"
"1316477262.67","3.31595162682","0.048057269954"
"1316477272.67","2.52487106993","0.0360695867133"
"1316477282.67","3.05943017508","0.0518547487301"
"1316477292.67","2.84636727219","0.0474394545364"
"1316477302.67","2.57398202134","0.0384176421096"
"1316477312.67","3.46494897084","0.0433118621355"
"1316477322.67","2.51558366111","0.0449211368056"
"1316477332.67","2.51155891795","0.0310069002216"
"1316477342.67","2.53247761013","0.0487014925025"
"1316477352.67","3.25553367934","0.0508677137398"
"1316477362.67","3.07535442854","0.0580255552555"
"1316477372.67","2.77765923066","0.0292385182175"
"1316477382.67","2.70754179341","0.0285004399306"
"1316477392.67","3.3364560576","0.0565501026712"
"1316477402.67","3.16382641995","0.0340196389242"
"1316477412.67","3.07592061234","0.0480612595678"
"1316477422.67","2.85772232452","0.029461054892"
"1316477432.67","2.85987048798","0.04333137103"
"1316477442.67","2.86189053827","0.0403083174404"
"1316477452.67","3.16692004404","0.0494831256881"
"1316477462.67","2.86682234993","0.0377213467097"
"1316477472.67","3.01019403908","0.0493474432637"
"1316477482.67","2.87402558327","0.0471151734963"
"1316477492.67","3.42873929943","0.0612274874899"
"1316477502.67","3.16534223535","0.037682645659"
"1316477512.67","2.89520818837","0.0308000871103"
"1316477522.67","3.30331878587","0.0434647208668"
"1316477532.67","3.14412173051","0.0507116408148"
"1316477542.67","2.87484880147","0.0393814904311"
"1316477552.67","3.21389116199","0.0440259063286"
"1316477562.67","2.82020726088","0.0366260683231"
"1316477572.67","3.09816493671","0.0329592014543"
"1316477582.67","3.19563776062","0.0380433066741"
"1316477592.67","2.56157896255","0.0266831141933"
"1316477602.67","2.52720682038","0.0332527213208"
"1316477612.67","3.22182191977","0.0354046364809"
"1316477622.67","2.93205834111","0.0451085898632"
"1316477632.67","2.73750154121","0.0526442604079"
"1316477642.67","3.34631390416","0.0499449836441"
"1316477652.67","2.51982467927","0.0484581669091"
"1316477662.67","3.18294689053","0.0335047041108"
"1316477672.67","3.33303516495","0.0421903185437"
"1316477682.67","3.01654762405","0.0331488749895"
"1316477692.67","3.1512859773","0.0562729638804"
"1316477702.67","3.04697718725","0.0441590896703"
"1316477712.67","2.54377954862","0.0431149076037"
"1316477722.67","3.32352966004","0.0373430298881"
"1316477732.67","2.97537261321","0.038641202769"
"1316477742.67","2.95880779263","0.0308209145065"
"1316477752.67","2.61901290752","0.0396820137503"
"1316477762.67","3.48617167436","0.0611609065676"
"1316477772.67","2.8954918744","0.0507981030596"
"1316477782.67","2.8817512291","0.0423786945457"
"1316477792.67","2.82797337261","0.033666349674"
"1316477802.67","2.72186647301","0.0302429608112"
"1316477812.67","3.01828467208","0.0471606980013"
"1316477822.67","2.63775559031","0.0347073103988"
"1316477832.67","3.48878820965","0.0536736647638"
"1316477842.67","3.46386492391","0.0412364871894"
"1316477852.67","2.83777693284","0.0341900835282"
"1316477862.67","2.8379136989","0.0399706154775"
"1316477872.67","2.63602668907","0.047071905162"
"1316477882.67","2.6405175311","0.0356826693392"
"1316477892.67","2.88032703489","0.0300034066134"
"1316477902.67","2.79980421316","0.0285694307466"
"1316477912.67","3.3877720954","0.0521195706984"
"1316477922.67","2.59800532493","0.0267835600508"
"1316477932.67","2.72012900027","0.0377795694482"
"1316477942.67","3.36880757383","0.0387219261359"
"1316477952.67","3.01275347771","0.0436630938799"
"1316477962.67","2.52617905667","0.030435892249"
"1316477972.67","2.8777200737","0.0479620012284"
"1316477982.67","2.63306647249","0.0470190441516"
"1316477992.67","3.46968939564","0.0357699937695"
"1316478002.67","3.34310300617","0.0379898068883"
"1316478012.67","2.57799676691","0.040281199483"
"1316478022.67","3.3838591754","0.0422982396925"
"1316478032.67","2.81315447247","0.0284157017421"
"1316478042.67","2.77415401593","0.0326371060698"
"1316478052.67","3.35961801337","0.0454002434239"
"1316478062.67","3.38427121574","0.0360028852738"
"1316478072.67","3.39405349922","0.0506575149137"
"1316478082.67","3.28907045753","0.0548178409588"
"1316478092.67","3.00906334308","0.0485332797271"
"1316478102.67","2.50071317963","0.0471832675402"
"1316478112.67","3.47479222693","0.0445486182939"
"1316478122.67","2.58353784241","0.0300411377025"
"1316478132.67","2.51434158878","0.0433507170479"
"1316478142.67","3.19170476752","0.0491031502695"
"1316478152.67","2.54333645263","0.0321941323117"
"1316478162.67","3.08973860021","0.0447788202929"
"1316478172.67","3.19935454594","0.0432345208911"
"1316478182.67","3.08220739003","0.059273219039"
"1316478192.67","3.15089035002","0.0321519423471"
"1316478202.67","2.68920486895","0.0448200811491"
"1316478212.67","3.41004880874","0.0351551423581"
"1316478222.67","3.12923679299","0.0368145505057"
"1316478232.67","3.04923776583","0.0363004495933"
"1316478242.67","2.9967150823","0.0576291361982"
"1316478252.67","3.08017801515","0.0421942193856"
"1316478262.67","2.77099562713","0.0532883774449"
"1316478272.67","2.70007976615","0.0290331157651"
"1316478282.67","2.76074096641","0.0438212851811"
"1316478292.67","2.88268110984","0.0406011423922"
"1316478302.67","2.81974955875","0.0356930323893"
"1316478312.67","3.26397659862","0.0453330083142"
"1316478322.67","3.08086172797","0.031119815434"
"1316478332.67","3.21173365741","0.0360868950271"
"1316478342.67","3.37394385137","0.0401659982306"
"1316478352.67","3.35748127165","0.0399700151387"
"1316478362.67","3.47297271828","0.0358038424565"
"1316478372.67","3.44738631753","0.0453603462833"
"1316478382.67","2.61068441347","0.0378360059923"
"1316478392.67","3.15080539795","0.049231334343"
"1316478402.67","2.58956467931","0.0345275290575"
"1316478412.67","2.97388183139","0.0495646971898"
"1316478422.67","2.79113397831","0.0507478905147"
"1316478432.67","2.73169595869","0.0293730748246"
"1316478442.67","2.64516361863","0.0357454543059"
"1316478452.67","3.35101733678","0.0424179409719"
"1316478462.67","3.21351134588","0.0391891627546"
"1316478472.67","2.70967512814","0.031145691128"
"1316478482.67","2.98482498859","0.0426403569799"
"1316478492.67","2.70127093693","0.0325454329751"
"1316478502.67","2.92745603589","0.057401098743"
"1316478512.67","3.43885550098","0.0404571235409"
"1316478522.67","3.30826980615","0.0590762465384"
"1316478532.67","2.64610255223","0.0448491958005"
"1316478542.67","2.82744933638","0.0285600943069"
"1316478552.67","3.10788117918","0.0565069305306"
"1316478562.67","2.84590356116","0.0306011135608"
"1316478572.67","3.1661273316","0.0510665698646"
"1316478582.67","2.83789825516","0.0326195201742"
"1316478592.67","2.63696545142","0.0488326935448"
"1316478602.67","3.2683497516","0.0344036815958"
"1316478612.67","3.32609482681","0.0461957614835"
"1316478622.67","3.25821331334","0.0370251512879"
"1316478632.67","2.88690854964","0.0300719640588"
"1316478642.67","2.95179138098","0.0415745264927"
"1316478652.67","2.55397767757","0.0271699752933"
"1316478662.67","3.29832762373","0.0610801411802"
"1316478672.67","2.56809273815","0.0475572729286"
"1316478682.67","3.48129812418","0.0561499697448"
"1316478692.67","3.32550848428","0.0468381476659"
"1316478702.67","2.95758651058","0.0399673852781"
"1316478712.67","2.60015908042","0.0490596052909"
"1316478722.67","2.60147567183","0.0317253130711"
"1316478732.67","2.60062664561","0.0366285443044"
"1316478742.67","2.65459174867","0.0465717850643"
"1316478752.67","2.7099492686","0.0294559703109"
"1316478762.67","2.6953136861","0.0359375158147"
"1316478772.67","3.0389134402","0.0410663978406"
"1316478782.67","3.26844151166","0.0375682932374"
"1316478792.67","2.71898869949","0.0344175784746"
"1316478802.67","2.92213230007","0.0328329471918"
"1316478812.67","2.6575194917","0.0458193015811"
"1316478822.67","2.80295537525","0.050052774558"
"1316478832.67","3.20457158177","0.0360064222671"
"1316478842.67","3.35569150974","0.0364749077146"
"1316478852.67","2.78860896447","0.0442636343567"
"1316478862.67","3.35240604276","0.0598643936208"
"1316478872.67","3.05781772455","0.044967907714"
"1316478882.67","2.6323212922","0.0350976172293"
"1316478892.67","3.12427100372","0.0339594674317"
"1316478902.67","2.8164272008","0.0521560592741"
"1316478912.67","2.5458521188","0.0326391297282"
"1316478922.67","3.23171463878","0.0363114004358"
"1316478932.67","3.28717077048","0.0521773138171"
"1316478942.67","2.73161009754","0.0535609823048"
"1316478952.67","2.71168050452","0.0410860682503"
"1316478962.67","3.0229262687","0.0512360384525"
"1316478972.67","2.50010639844","0.0257742927674"
"1316478982.67","3.28510578697","0.0331828867371"
"1316478992.67","3.42323506992","0.0475449315267"
"1316479002.67","2.77139190874","0.0279938576641"
"1316479012.67","3.13674051121","0.0340950055566"
"1316479022.67","3.08158182715","0.0358323468273"
"1316479032.67","3.0731032493","0.0409747099907"
"1316479042.67","3.18464190185","0.0342434613102"
"1316479052.67","3.17306195206","0.0391736043465"
"1316479062.67","3.36606898185","0.0369897690313"
"1316479072.67","3.18879597999","0.0579781087271"
"1316479082.67","2.73857804947","0.0297671527116"
"1316479092.67","2.90416396149","0.0377164150843"
"1316479102.67","2.74668682513","0.0381484281268"
"1316479112.67","2.57429978252","0.0292534066196"
"1316479122.67","3.40974311637","0.0494165669039"
"1316479132.67","2.58765764396","0.0290748049883"
"1316479142.67","3.39250284209","0.0385511686601"
"1316479152.67","2.70310245464","0.0540620490927"
"1316479162.67","3.33987944429","0.0667975888859"
"1316479172.67","3.41668160042","0.0657054153927"
"1316479182.67","3.31625331997","0.0404421136582"
"1316479192.67","3.06636499507","0.031941302032"
"1316479202.67","3.352997611","0.0413950322346"
"1316479212.67","2.95779705058","0.0434970154497"
"1316479222.67","2.54712608274","0.0489831938988"
"1316479232.67","3.36178960991","0.0611234474529"
"1316479242.67","3.41044414768","0.0578041380963"
"1316479252.67","3.36659296318","0.0612107811487"
"1316479262.67","2.65034725711","0.0288081223599"
"1316479272.67","3.1929887114","0.0322524112262"
"1316479282.67","3.12499714754","0.0466417484708"
"1316479292.67","3.4481829897","0.0415443733698"
"1316479302.67","2.73094708073","0.0310334895538"
"1316479312.67","2.96606262559","0.0344891002976"
"1316479322.67","2.83123209881","0.0298024431453"
"1316479332.67","2.78034285815","0.0386158730298"
"1316479342.67","2.59035612777","0.050791296623"
"1316479352.67","2.87057827114","0.0393229900156"
"1316479362.67","3.46606715134","0.0517323455425"
"1316479372.67","2.86179628511","0.0295030544856"
"1316479382.67","3.34802238784","0.0587372348744"
"1316479392.67","2.61855531204","0.0344546751584"
"1316479402.67","2.63335548991","0.0393038132822"
"1316479412.67","2.79666398428","0.0383104655381"
"1316479422.67","3.13638289835","0.0333657755144"
"1316479432.67","3.0954857161","0.0322446428761"
"1316479442.67","3.44718959574","0.0459625279432"
"1316479452.67","3.07628023598","0.036191532188"
"1316479462.67","2.83265813287","0.0354082266609"
"1316479472.67","2.98243977022","0.0304330588798"
"1316479482.67","2.78591732785","0.0428602665823"
"1316479492.67","2.99835321793","0.048360535773"
"1316479502.67","3.48501394254","0.0512502050374"
"1316479512.67","2.61349905095","0.0442965940839"
"1316479522.67","3.47244592663","0.0369409141131"
"1316479532.67","3.30382189213","0.0516222170646"
"1316479542.67","3.09196232328","0.0351359354918"
"1316479552.67","3.08902949167","0.0617805898333"
"1316479562.67","2.90104080225","0.050895452671"
